127,0,81.4955126689257,0,40.7600324941922,0,27.1870028466945,0,20.4045944747567,0,16.338444312517,0,13.6304336738749,0,11.6985137126329,0,10.251661790966,0,9.12820027202065,0,8.23112403981365,0,7.49870392003363,0,6.88978839295334,0,6.37588913354252,0,5.93665846525667,0,5.55717583453132,0,5.22625185950551,0,4.93533095190628,0,4.67775973373154,0,4.44828648231887,0,4.24271074396139,0,4.05763305998822,0,3.89027295144784,0,3.73833438814563,0,3.59990489254566,0,3.47337886089339,0,3.35739858166211,0,3.25080836325796,0,3.152618493805,0,3.06197665989236,0,2.97814508400919,0,2.90048208950879,0,2.82842712474619,0,2.76148851280085,0,2.69923336582002,0,2.64127923125483,0,2.58728713343996,0,2.53695574675361,0,2.49001649214266,0,2.44622939153004,0,2.40537954774018,0,2.36727414342967,0,2.33173987282454,0,2.29862073613064,0,2.26777613926543,0,2.23907925178832,0,2.21241558413778,0,2.18768175194204,0,2.16478440058479,0,2.14363926763197,0,2.12417036435914,0,2.10630926061708,0,2.08999445975875,0,2.07517085242133,0,2.0617892396905,0,2.0498059176329,0,2.03918231641664,0,2.02988468829022,0,2.02188383959018,0,2.01515490272418,0,2.00967714475262,0,2.00543380978563,0,2.00241199294079,0,2.0006025440826,0,1
14526.9082888907,2900.29268144715,1056.2818397676,540.025537134553,410.761650222678,217.0597065357,162.528630230147,170.561225241171,104.215997929594,128.722344572082,107.002855778715,76.606519185018,86.1218116510702,53.0200767633411,53.2954327779926,55.3382952616486,46.7054330843894,35.9958953014077,36.7513585579778,35.2951072628121,28.1288953912315,29.9455289423825,32.7487680270082,26.7838258135985,24.0040385940387,29.2381903576211,26.2296553545421,17.8484451236744,19.0286317656175,24.5250353021589,20.1262660626735,15.3197973177478,18.2206636061176,17.4682877189515,18.1838487660871,16.7403948395555,16.9015081962656,14.2887975678096,15.5922710884743,15.459809269328,15.4381437143946,14.0732030277499,13.3606910680412,13.3921892021782,13.4609773662017,13.0931646705613,13.3742253581515,12.3081192647899,11.7977811770568,11.7105090893594,11.5676444685157,11.1291612899562,11.6175293067734,10.907257517682,9.67342000926447,10.4439170859212,11.1023768602259,10.8875615856812,10.1523147587905,9.8197487358604,9.45322787780438,9.75617633045669,10.0594487848276,9.83187338675694,9.10778218453833,9.08840127961524,9.20095967526268,9.05914495987676,9.02043119290482,8.74531475918433,8.65315246927931,8.83481744774933,8.40293999830512,8.5720339910768,8.6514252750337,8.58795249211594,8.12730869425587,7.998705765806,8.23476569610997,8.18331355663004,7.88979185971212,7.89969978239138,7.82559172769488,7.65870634642733,7.72678073013505,7.92477259229964,7.68929516274405,7.57508337240218,7.3964894005604,7.51193319396811,7.66238234742442,7.41603553479076,7.34395592858569,7.22069587839216,7.21039990231814,7.15363318846537,7.35907156881387,7.30448267629997,7.10289589971653,7.19781044248992,7.2899317246075,7.14967068769353,7.0840218045695,7.17507349403505,7.13053358453159,7.18685374109125,7.06845890008357,7.01336963600824,7.08103626172074,7.07585903160412,7.20942850654797,7.22646168805909,7.11706862481882,7.13222556590254,7.26613710778171,7.489599925251,7.49548740443016,7.79368880807837,7.89843918623002,8.55933294680205,9.60254246746645,11.8375167452108,25.2428841147687,31.9662046703455,8.53053147943232,6.61673529479557,6.10567205265638,6.13292981105218,3.08190392747874
5931.44056897088,3758.89120479259,1292.05116680224,881.832003704676,691.704799770235,323.190332540024,303.941012889907,201.613972175497,190.049399301782,294.135405679178,153.810951466573,163.894730128537,114.134165073753,49.8702935327821,120.154770313546,92.0743657095806,98.6325454841922,65.63501902927,33.993733147287,87.3188286529249,58.0884068697143,54.7791433403948,60.0439540961597,38.9860881080746,57.1537431341912,51.6990045879463,42.6703991906889,44.4903601531692,32.7945379298971,50.3452086729549,40.2532030050363,26.6777646543543,33.4887792803279,34.1186246087682,35.1181729716472,34.9462933945209,21.7378994347706,30.7046199329072,28.1931667570205,28.2343258589979,25.797559468475,23.1657975773412,24.8851307772109,28.781322218137,21.0948558384405,21.1245934770021,19.5062949229086,21.8954491099424,24.278768659036,18.7407213045341,15.7928511983735,18.5343485930436,17.9890269154278,21.5431402378013,14.8284126224298,13.0453983995091,17.1504746009695,16.9404167719391,17.9681605295645,14.2800780729268,10.6952635570863,15.2383442204816,14.7359634984122,16.5443936425903,13.350949770162,11.1088459526901,13.4643839778386,13.6227543839468,13.9232139803982,13.2791638603533,11.4221196062081,12.3790644520379,12.8320556389746,12.7007917234097,13.0209132323338,11.2540429352208,11.240313174481,12.606657413673,12.2137426017853,13.1455209726048,10.3290713618234,10.0267921673011,11.9277480477382,11.8865162836551,13.0247409948016,10.6143391881496,8.70181513793218,11.6666020824948,10.2298867992341,13.3125872043601,10.236049203781,9.86882201063515,11.9727705745752,10.2802862520242,12.5938821006745,9.98584846845034,10.4183449401646,13.0357209479019,11.2973696904685,11.3005352866475,9.67904156339943,7.70539141085696,13.3020494509144,8.55746955490762,12.9948983487161,7.54834868879284,9.14232445828694,9.23911756817331,11.0117610745933,11.5851085098702,13.5141129511196,10.4139006081176,13.6575455282196,8.18701448806121,13.877478827245,14.270389052,16.1829405541382,16.6496356168166,11.6435466398169,11.3734563977368,11.3443936968941,14.9310477282835,22.6170584588627,26.2181966589255,13.4616809343252,11.5988602134402,6.0787069210654,10.7256972020132,1.75190528318649
7481.31355047984,5552.08700979731,1569.46714794913,1142.09015474481,937.16915099543,548.582030792262,436.910890467456,273.398704222383,321.972836431734,449.67529923278,268.964030199447,333.753215339793,205.202987672896,141.952305308315,215.804241116808,204.498223992223,229.506183864775,149.77952244778,120.803745294903,167.257431840559,116.930857173461,143.918509207293,116.12942976154,100.942144483602,133.272521202583,96.1212457473152,111.430150929217,81.302631374804,72.1475116019006,115.680286134712,84.4879672949117,86.566654880689,67.2947243518879,63.2496586804231,94.7451296270134,70.7073675737067,77.7038099649481,62.551008553329,58.3691628525651,82.3646272361314,63.1187292018652,68.0241880059491,57.2828608250667,52.6193351539168,73.6417365925528,56.4316211567174,60.3940800960361,53.3012350058312,48.7907816379261,63.1078826268756,48.450663401969,52.813376151675,50.3184105736241,47.3340025289503,57.065801591917,42.8125576002104,45.9089208944868,45.3913368639869,44.7615821296017,53.9354724211138,41.2928317174695,41.8159542223367,41.2756225502534,40.8471547381755,48.4961762591995,38.6564969173524,39.9964166900817,39.9312746937088,38.4299997879593,43.5079782568996,34.7155255799014,36.6419409316225,38.399835684629,37.8806701737014,41.6322516771171,33.4249907327457,34.1605484367653,36.107707867035,36.208289144748,39.8267303897432,33.0315478548114,34.2895360303801,35.8926879936175,34.7219228711552,37.4859061646425,31.4186637885288,33.4138428171931,35.0930582854709,33.798520791306,35.8947455078386,29.9640833142781,31.1929697031956,32.1567027942096,30.8187182516105,33.6996751430492,29.4483253105496,31.486661841177,31.5668073531262,28.4689043665612,30.4313864006465,27.8761057677333,32.5196346975931,34.4068860955894,31.7337100345611,31.7744445766263,26.8975488101246,30.5315031592254,34.2199980939786,34.7498948076193,36.841427193819,31.6042357684531,30.5478967003782,29.9549586919617,30.946685971051,36.2067173382568,35.1967663086384,35.4624181919758,31.2134797668838,25.6379680437101,28.2623378805863,31.3550292118647,38.3194417967153,45.904041280977,37.6338276460026,26.1752104835223,19.5901128773983,22.6159084898659,27.7836695953688,13.2573085808524
7866.40370557986,3620.46040202064,1731.5320026584,1075.5096821766,711.913070400663,335.938040558263,225.925450611513,274.222706160085,161.679440773213,244.105519955596,208.179530347533,138.836439620086,194.08508860056,150.121489731773,111.994334606025,103.772509119701,52.9870220566396,58.744777715397,83.2351544344273,78.3942643855441,82.0241722696444,75.3966463057387,59.3166685381974,55.8080834321721,37.7705706625052,40.6078748591989,49.3633712448414,44.5978057561973,51.3789102249253,53.5489325615211,39.1049954070855,32.653435743354,27.3915773186099,22.2184278911008,33.3376139771516,31.1793145296608,32.5431865652823,32.6839764195006,27.3014137937886,27.05044034223,21.4290533348059,18.6349253727559,20.7231145856445,25.0324746807975,24.367352537174,25.8289073493585,23.416092662719,19.4180523963782,17.6685309147463,17.0481771440984,16.9255472119655,19.8826446267239,20.3007186327357,19.1644370432318,17.6600739034775,15.8168681319048,16.0065686882084,15.6976945550894,15.0697469154164,16.4421201415587,16.1476418091191,15.0810125577487,16.1002769200265,13.5528113358365,12.1676192381755,12.9179524708633,13.2700959909629,13.8233277488023,14.0315034761366,13.758415730405,12.563955160279,12.0920757278575,10.4802891126608,11.5243241039514,11.466556491409,12.1427075921461,12.4446802590403,11.9123726468464,11.3272462370133,11.0830901939466,9.3096496728705,9.38222471580987,9.79094612249702,10.2697216054042,10.6613477573851,11.4232612811422,10.5811181684154,11.2482540922253,8.10705963431374,8.27804982158976,8.96762613898251,7.82209666741221,11.6695262046644,9.74992929624879,10.4407969465529,9.7996470815601,9.21949871593754,9.19619240089041,8.54426138417882,7.37333021698721,9.89356687113176,9.96328075001232,9.88381506389071,10.8388335680754,9.35685014006635,8.83104099753199,10.4549896095264,8.301538468915,10.1277955809816,10.4828132973623,10.3164144730975,13.8983575309716,11.0773368251435,13.0519791153081,8.98144994753902,12.3523473274468,12.0813187946586,14.0602235197612,13.3081079942455,14.2289907084668,15.2655374874525,13.3899062893751,26.661372686189,35.2270404195809,10.4715990563551,9.08878112508154,9.3310220887181,9.37415301854382,5.60272668222824
5502.70246862985,4663.36040533849,2040.40715575599,1271.86151731493,1155.24364644742,454.723437285668,406.104441896639,430.724055724177,380.83157652946,467.159230559828,323.623072993503,169.893269027268,287.855049617361,277.631481314332,174.02642946446,255.275813041899,258.941586661441,154.776227421432,89.6948810350218,147.476180180517,114.857765759622,99.74383506659,91.4332071232837,92.4633822435599,65.8958733082802,67.7429243078202,73.6320689930013,82.7321926592617,52.0605747586382,59.8255455837268,64.9336825925758,48.5414856329723,61.5258186883433,79.6449944985205,56.3636172349944,36.2021662476876,61.3674256367981,49.6149699657109,21.0038554460558,45.7688533822316,49.3045575329959,23.9453430684068,34.9180972047674,36.292559839071,25.6493564250001,33.7563667943311,35.7443370855265,25.7437329083161,23.4860571616774,30.073613017204,27.8003710863122,24.7262322052909,28.0707215332736,27.6665190478646,22.1901723943481,17.4508677892717,23.118165606696,23.1257806625288,15.3419263973602,20.4069193544917,21.1327051643518,12.62469782707,23.9324040404226,27.4246447022228,17.52457767629,15.4795689456591,21.9849744715142,16.1150201449797,13.9811468695337,21.9656593242349,18.5211442347343,9.46788560242982,16.3054116989074,16.9430920730456,10.3644139354866,17.7568259811907,19.5340733581292,12.2408337171485,12.7152554998029,16.685787019258,12.0206191755419,11.8510782884801,16.6591672901841,14.9095335238529,13.1940304901797,11.8848042077618,12.8505380342536,15.7439291593576,11.9217695346007,12.0170009513959,15.7335496909309,11.3829316031535,14.4043365083279,20.3376812204925,13.2679708105293,12.0998419435949,19.5559237751509,18.1302858445473,9.97466176342804,14.576291096722,20.251539991487,10.4713991174556,12.9833446178166,21.1913078679331,13.8678417054904,18.9226779336704,19.5973697524123,10.765575601696,14.0004156576624,15.1987115451435,11.9547718971416,19.6988453916879,24.7443044909087,20.3262330089042,19.5054084353322,26.2672846907424,26.1905443399462,21.4601425160547,28.4436286910206,34.8373186196265,28.7792202235506,39.6951406900791,49.528638031372,57.2079530778554,44.0878778930895,46.6265616597655,37.7177566736884,33.70984438968,18.0973867573452
9663.10769960078,2915.72030654539,1125.51377196222,641.524328280493,520.9402115377,308.555006422057,207.937670634017,233.508289862775,195.309434406743,189.915206525724,119.943726588974,99.8311138536675,129.933932835445,101.907287852364,92.479720012915,84.1542977322182,76.7611443089272,63.6620980663534,58.5514009598941,54.8394095585573,46.322785238244,41.7825675390559,44.0241441210407,37.7773609616589,28.3827649626606,27.9517227221072,30.7250087823855,29.3080956364299,25.9553222683221,23.8142471812644,22.8837761604775,20.6150877798188,21.1079608561366,19.3518677286983,17.9507138516277,17.7709423512066,15.8012468425473,17.8781197637745,18.7818777289134,19.4088363518577,17.0245721081559,16.6130726377695,17.859652140981,18.0787338714041,17.234906720299,15.2712148712792,14.7020505787045,14.6378145164069,14.2265451037783,12.501735563381,11.2269147641604,10.9431958590017,10.7900681644115,11.5698327127463,11.9829280970818,11.3309773843803,10.5402384807273,11.4296235571136,11.5261556659677,11.1530277481826,10.0767836337563,10.2893792231496,10.443795381449,9.95508136482687,9.04341572154052,9.97705467350758,10.1954821108954,9.592218281058,9.4280704840083,10.0681241339687,10.0429753591834,9.719403893224,8.76067398690096,9.27914508654706,9.25150557871931,8.74246832143373,7.93124989092292,8.31826011644732,8.09483324529183,7.84865102301401,8.79470280061481,9.20045219900438,8.9180301756192,8.47291635098321,9.16726440140202,9.63196426303456,9.34815947302145,8.6560563830354,8.6859972197376,8.85343377367445,8.71064084535042,7.99121621389387,7.27699472003578,7.17767998725695,7.41978490263965,8.06633078857893,8.36990952339017,8.18429109968519,7.88764903914039,8.55135775616026,9.14851688251089,9.0583845399626,8.43343088541667,8.28562816539128,8.57809620121163,8.40607689225874,7.52872312063649,6.93475002698434,7.54543675546669,7.37472664832807,7.49199394735135,8.73608659491729,9.61413930949468,9.6626027880945,9.59364911665387,10.5930832485433,11.6459661502398,11.8243615033366,11.1310774297723,10.8838769913785,11.9054051358662,13.325077811722,18.5165439033611,35.7005821743553,14.9379130938193,10.7639795955067,9.10619468201794,9.314705711197,4.83387905986656
118724.526525931,10.7301168119791,4.74478093731557,3.74436718767757,1.92044923226631,1.05697920445852,1.55873394829754,1.17441394446508,1.25665646592024,0.924356435763465,1.12756447654109,0.680024558913327,0.762270363167275,0.705041088652372,0.624948447462244,0.464102613598288,0.640613975350722,0.470582131286244,0.504550949644794,0.439298620019327,0.352736474307684,0.492715142883311,0.550673964577195,0.356066778336767,0.366018869984867,0.355386963447508,0.336186740666973,0.45729263364867,0.270577624556237,0.444591197577512,0.300391443140909,0.360478481361841,0.360680330993966,0.437562722660205,0.254634549598569,0.290804450346552,0.236479616334988,0.27266098830429,0.276199596683419,0.254237898573964,0.360539754497907,0.342807449868051,0.29485954060815,0.284830398384008,0.23193509361169,0.282123614196119,0.304029446759968,0.265755013470403,0.230771682164383,0.278658676989602,0.175969883604283,0.244720129390435,0.176881065839023,0.186675663950945,0.179586881971318,0.176150612999198,0.252556954307179,0.15424775359537,0.264835190795314,0.22094181590366,0.2107604681566,0.229840160112945,0.265931975623672,0.178765381917945,0.231350043290274,0.247537069577432,0.239225486632181,0.218034671450779,0.256016618177444,0.158550087349083,0.220663961353627,0.233060555057188,0.162367419464755,0.196302595704957,0.216363198919059,0.134793083566405,0.136015085323645,0.186402105359713,0.171979914852823,0.181911870564686,0.174105902610259,0.103284520381334,0.173109974632939,0.165229072175269,0.177821072699424,0.131226623355884,0.151227447886735,0.171392820133438,0.235161078516045,0.123799055002167,0.114226606391874,0.0890088157276366,0.207743063050405,0.202412155870721,0.12381104848017,0.146501862075142,0.201965102664782,0.174818000564054,0.165912817351932,0.137559482499289,0.159794090816101,0.156137025883748,0.209021248024932,0.141157734556965,0.167286986955442,0.192109478164831,0.173329216749745,0.142167317808046,0.165806865529497,0.113824229009853,0.147500467223334,0.123693573806705,0.184657486138295,0.154308094154732,0.11593916048607,0.0895396230808951,0.190712728176845,0.134398708924361,0.1207608051896,0.130195893603198,0.151206604795702,0.119693107999455,0.105894798668932,0.158615948794069,0.0992091593326807,0.116542452755262,0.0894479826315074,0.150378489715581,0.0872591148756328
119830.097468339,11.6068109711909,4.90551996220376,3.88732423663985,1.95932567695097,1.05485740148722,1.59524793557985,1.20218588698901,1.31693090292385,0.95978056195637,1.17304092690182,0.703973495126218,0.777140678065469,0.723494593505028,0.642489409083848,0.480720196884506,0.649417932583838,0.484678034276053,0.498199844292325,0.442124874133158,0.369479019318769,0.502185595708103,0.568464350586039,0.369413847625301,0.381037264715699,0.364073580858708,0.327646511811169,0.464997891646176,0.276930595540815,0.453199406710819,0.303888430498752,0.360826530790772,0.362436478544655,0.443317865007496,0.251688608774952,0.299048304284275,0.243316227724694,0.275206905436793,0.285292455074059,0.259235707729015,0.363699593907897,0.348836860266255,0.297396093350755,0.292742427145232,0.243009108981778,0.292976299405115,0.310087770371976,0.27149775544739,0.234094493345448,0.281750105044161,0.180506799550285,0.246435851907308,0.178381650514395,0.191390182981575,0.183342425085273,0.180329470699311,0.255588248168741,0.155972346785696,0.265645243299047,0.224589115307677,0.212917814322406,0.233163194820994,0.264493942894999,0.188181926106839,0.23433721775904,0.2496358825725,0.242614247517172,0.218008252997712,0.25402324424443,0.162170823661258,0.223283669058443,0.235960432163267,0.168970110974302,0.203452257425539,0.220836933748853,0.138473200791721,0.142756174882128,0.188822581718651,0.177060990155472,0.182404890915721,0.179786439636171,0.105103120010041,0.175376612249243,0.168201710883572,0.18528953035595,0.129510440157306,0.160299458344647,0.176428214578245,0.239697191970771,0.126075945931892,0.119745148261977,0.0924448917203284,0.207560290184573,0.210875501951237,0.129680543162486,0.148960275959312,0.205433051559803,0.179880870064273,0.169452261266175,0.139080842638394,0.159806801232039,0.161866878575341,0.212870434237023,0.1424388479081,0.17261723675461,0.193568475904263,0.176268178407188,0.143607164613821,0.174355800250599,0.121315931177037,0.148108804291086,0.126885607736755,0.189681671888579,0.159344086114961,0.120600073010064,0.0905454519919175,0.194999796698853,0.136627032888714,0.121708536094739,0.130398106794319,0.153393507942005,0.118944661772402,0.102972484892509,0.152703195331142,0.105148044049513,0.121179010041332,0.0892282995731104,0.149983629600315,0.0879401445912663
7000.02187141478,3776.36914832332,1739.94836332336,903.355937421274,623.32810670245,431.396420525256,264.343689077486,218.666831868808,183.744294400384,289.32408451935,267.216470089699,144.41553790871,151.830340492348,115.982297576843,88.9366981660656,92.6181754418566,103.709292526417,105.400887968969,105.504354400136,81.5405657888976,44.6401365406262,46.19965428967,62.4982589468794,60.7804752151507,61.4374774777278,64.6091032252369,56.9595533432199,50.4198065634061,19.5838723735916,29.8887220146591,52.5373059333786,44.4498399002903,42.2973690989661,38.423099906543,30.1555963440366,26.2125907653627,23.8367336207691,28.8799478473697,34.3965349310356,36.2460092873891,28.6813889930433,23.2960339246306,17.8590824566906,19.5322121704301,24.7781935728875,29.4167251535656,25.9411773594638,23.1306472767485,22.7488914393492,18.566401335695,16.8552391615482,20.4320668570562,21.5970633165052,24.3291727530012,23.5604528078904,16.0116010059622,16.0472027518314,18.9719465725195,15.8954515279839,20.212857629028,20.7368759331764,16.2458517576523,18.232533438556,16.21764134673,12.3380690478502,16.6396761017375,16.5516953926929,15.7150385524446,17.6615681708256,13.6583389993757,12.2773243084614,14.7571504904802,13.4637479954402,13.4544252737116,14.4844731115284,12.428785991511,13.5264527636457,13.2379489528809,9.16697539027642,12.9218039224176,13.5656568313681,11.8019053173386,12.1045138143888,11.4068497408223,11.5084880735775,10.9911177389008,11.2897766425899,10.8791392465414,10.6338000745054,11.6798383310496,10.9362800208809,10.3289666033313,9.85355967881969,11.1390779658303,11.2083337910012,10.7429864939108,9.80460669164093,9.93208954358317,12.0727197739825,9.06348032372864,8.8737685109663,11.086007791172,8.85319456690169,11.1949693044635,10.5503745460688,6.82961107549112,10.6612737979577,12.2566854230729,8.6323826805057,8.12944621058742,11.1354640659704,11.808615274274,11.3324782740751,7.62873673662921,9.69620566888657,15.0341209567347,9.8805323905329,7.55278675231835,14.0938198296109,13.4866893100388,13.1717005170306,10.8210593699887,19.2800839375214,28.9027082201275,11.3666260592066,12.3582134698272,12.5680187316989,13.2083859525155,6.950536872883
5703.28005591393,1022.81544814164,318.617014658748,174.301618280414,117.861240690295,109.84623510328,92.8204570085706,41.5807114156396,50.6464399918006,62.8778734050101,40.4799994173051,27.2828004038717,36.905666755312,28.1395878985134,20.7105565304796,20.4127423973875,23.4054175713574,15.8998565218786,15.9714541117787,16.8439653247377,17.5667578839653,14.7615270360999,12.9068356064481,13.4567626908965,12.1003480989659,12.7542779584416,11.8218306372298,10.7841790177068,10.5647780912544,11.2233587660937,10.6837594598796,9.34198280732028,8.81273638991381,9.05989494607176,8.75355697758962,9.42204114516023,8.0069877021999,7.59368579358482,8.79482475663487,8.80901677456933,7.59953800173018,7.0307383181369,7.23762313687871,7.27646744901733,7.06535447035211,6.56025632560149,6.5246745555145,6.55800253290693,6.20357145069767,6.07758648320527,6.43671039622548,6.06060735756337,5.92844075726144,5.78392925718912,5.83157345400853,5.62887363478217,5.51763505067313,5.59095573878606,5.48513970654684,5.26204869944827,5.175479264771,5.22747821272607,5.35006490875322,5.27318019847307,4.98468772899103,4.96499732471168,5.00596908764807,4.84036921042964,4.74776409317941,4.76956162234121,4.59919305263744,4.63189754822996,4.63823663918777,4.52708083794609,4.4678969327916,4.44300840351795,4.34363852362505,4.42432904108533,4.36154055426657,4.32326454364993,4.21304081710821,4.26283254847552,4.22797548790287,4.09866456572054,4.07590540482869,4.09258491765232,4.08978813601595,4.10780087091019,4.12109841577565,3.98117137890213,3.94746722775846,4.01768295364222,3.99402161632505,3.91638089339735,3.87508915236765,3.75085280369995,3.89380681804805,3.86475634769585,3.76464177414932,3.8196908428423,3.8230971547703,3.80649798257367,3.75422964068698,3.74725535900926,3.71406515607365,3.69020989225498,3.78161729757892,3.69520164053461,3.67820010710525,3.68036474336616,3.722729199188,3.69338615670528,3.71508659909872,3.6494936555355,3.69060718249677,3.68817776371377,3.68859629219081,3.71560451778914,3.88272419665815,3.84078177991151,3.95931832062008,4.2204011363592,6.53415789156659,6.16842769023622,3.55246433699868,3.5601970628054,3.52717034131794,3.49164920770323,1.72227175948292
5602.78420304542,563.909654183741,221.240819435651,126.105582107139,98.2795874291397,92.8566754900244,72.2726515740259,38.5197437378142,37.5354676238229,47.6785350254498,33.4976638337724,26.8871814074764,32.8786062086533,27.2499541067106,20.4726844174495,19.7991090484519,22.1671666251929,17.1337702878386,16.2992276455884,15.955424224422,16.9518387283211,14.5786620158598,14.2888622640539,13.5348585557248,12.3987871582837,12.7591041687731,11.7076924566824,11.0459729034555,10.9384375364579,11.1058786156204,10.2972342802155,9.87945698197301,9.32310785424315,9.02364792353562,9.12825393674233,9.32377758246868,8.2347178156525,7.92304645656457,8.77617273895549,8.49262858761392,7.79318072516388,7.27542147673858,7.3560830990167,7.56307780261061,7.18464205753359,6.77724739751069,6.62350784697463,6.65543156228099,6.5815743450369,6.45965762827163,6.53269280122589,6.26836501792949,6.17219027329384,6.09596295931696,5.97108648966514,5.85254568726119,5.63148045069358,5.72245736954038,5.73389459164902,5.50829602100673,5.4228611036796,5.38750294901255,5.5538646511786,5.47400881405752,5.14687593456504,5.18422477398539,5.16926595607942,4.93191498243382,4.95900201571767,4.91102065891916,4.86772031140519,4.90282000422946,4.80478947393655,4.74218611494673,4.67481915464013,4.66522011988579,4.5619336605581,4.62389774792998,4.4835628805409,4.47844675577562,4.42368723672853,4.4065542403933,4.44103832015437,4.27933151926197,4.27081297959044,4.32158863020173,4.24126811130899,4.26407157423009,4.17388284285309,4.11248218521545,4.12666597524869,4.12530064955446,4.12702433837939,4.03684196389425,4.05445188773888,3.93659951070953,4.01744284312349,3.99089467994632,3.96442271537094,3.94845067111453,3.99259418297165,3.93592222651828,3.83696162083493,3.92454151074672,3.91576173545511,3.81974986696782,3.90368310516479,3.85707491944299,3.80258239854904,3.81464314859157,3.80907671266593,3.81243946239279,3.78119445842333,3.76873745230603,3.77129446775515,3.7675580350639,3.7696461197691,3.77840983270897,3.8947591405049,3.91614122140795,4.0276004565792,4.33296998070026,6.65953140446545,6.08644493401211,3.40850495193358,3.48799480110142,3.42539617331292,3.52118204903679,1.72869788601374
5269.35009935574,233.997025802014,115.742454062254,68.014927708266,38.250643681174,19.3373982931197,19.4719484371034,19.3351278371589,12.2874877178265,10.6101788798998,12.5763977180604,9.33019371417188,8.11833034017963,8.52074505515856,8.64293499018687,7.14236952813791,6.00843070349073,6.47846369906344,5.68522361321638,4.98377186822136,5.18760067347385,5.43214220431898,4.71813385237911,4.24365444057713,4.79788691084647,4.16428627348517,3.80071532528516,3.97601089290215,3.84587667145467,3.7409267965302,3.44023438383058,3.42024576873842,3.26808063395307,3.36165679411476,3.09102186026416,3.13939580474245,2.98847331102026,2.95930346293737,2.61374950411259,2.83005385289293,2.89967148309359,2.74576270062038,2.72311520144713,2.54454608746468,2.45348120179087,2.52724729312916,2.50125981219316,2.34779498856841,2.29333480714659,2.23159358861596,2.24909784796948,2.16826244242861,2.10322056071749,2.07747026379546,2.04477952912334,2.04338223705029,2.05377920244943,1.97005750576137,1.95021951402207,1.97390322010519,1.80521779727403,1.82789173700162,1.95739864799143,1.83550891701068,1.81965786721374,1.73439720113738,1.82408453452803,1.72372545397742,1.76555420020804,1.70190482675871,1.67989419276993,1.58817978709122,1.67212415291248,1.6374173876345,1.63313164831318,1.53686998614487,1.59857712832937,1.55712017701758,1.65266067808412,1.56355561389867,1.58238452094234,1.51079905160625,1.50561107203397,1.44526021975111,1.48423961912057,1.29598840229551,1.4834044064859,1.44152948876892,1.52275755329493,1.46834923653443,1.42071248779411,1.4122047749589,1.41124732520563,1.39702390483549,1.37194686691445,1.34978138935011,1.34957856707929,1.40869150812402,1.33938080457585,1.32659051326763,1.39610405478005,1.36800699400218,1.39240271303339,1.30359759999254,1.37100564727975,1.3092119361445,1.31970787399535,1.30982046346261,1.3310629319179,1.30165878351813,1.2584579230105,1.30610691816251,1.26898238644329,1.26172193334357,1.31825372900647,1.23910125888376,1.29070344399922,1.23681092628392,1.20780866414362,1.15908656362139,1.13926971347086,0.978999511390108,1.24124541724918,3.74372829380522,1.92704800500016,1.67758759443032,1.63698114348303,1.54290148568016,0.783952512169162
24584.9068247416,1263.81086636409,336.779131908253,212.634226403609,179.878879842205,143.713103149882,106.413244489406,80.0480073782753,89.7308791708948,86.838325676249,64.3305583272617,51.858051046535,61.7446104806911,35.5650248244346,37.4399625945189,38.7532022514718,35.9692702459676,31.5815187697852,32.0279597565219,34.006863951916,28.88498037813,27.3688942705007,26.2360095123493,26.8077531318471,21.8139176145593,23.1110278252081,24.2970708089034,19.2194495093353,19.6751126672355,20.4769393454615,20.86217631869,17.4938975373758,17.0514712883844,17.8090254547094,17.8203072862597,16.4727135414201,15.0397329955782,15.4725921779188,16.5955140236363,15.0603657277533,13.8908983354491,13.9267360271003,14.0165323891647,13.9191939819998,13.9531379826834,13.3764079156462,12.7496414132359,12.6245714020291,12.4755564298182,12.3932499842534,11.7113436055015,11.9247165050023,11.7329660254457,11.5804315056584,11.0675467220095,10.728437174502,10.8880974331546,11.2846168885584,10.5485035589164,10.1191988742525,10.230082724265,9.96010986670918,10.0489925149976,10.0113966311761,9.56833665976284,9.42326287453912,9.60373451496777,9.49856680695798,9.44813306423674,9.07090141467603,9.04594873919014,9.06029788944746,8.97690364267516,8.83332308446581,8.60028565436435,8.69968976803909,8.55319307932849,8.52141388569484,8.38168278645393,8.3400502813178,8.15901655730667,8.18514905295947,8.21168634333618,8.20935927900973,7.94711213810771,7.97850418206422,7.92646621444687,7.87066211585145,7.79257215167496,7.73075128857667,7.61756608420889,7.65615058147352,7.57742741808267,7.57272256140003,7.52502118295557,7.52733862708471,7.47305813869712,7.47577275637098,7.33128368363867,7.43584842278602,7.2522149325201,7.25752964311256,7.26025040496614,7.23172941158979,7.08160320529576,7.17962999875421,7.09916105437461,7.07845828346085,7.16125151268588,7.11632885822574,7.12339155545744,7.07908166796133,7.12522910675343,6.97709252218199,7.05309629372774,6.92552240525029,7.03196367025871,7.00125723641767,7.03107908600325,7.07729340596705,6.99386254300185,7.18887113481216,7.77356945855972,6.11076220683271,6.53298526873305,6.68942895035412,6.66308014929614,6.75197637845068,3.33585816155137
7723.0337493106,3655.87158475454,1742.54857455016,1061.68830750906,682.66877924107,318.023460193229,248.322839050778,285.512427488229,172.862167383392,239.650315364738,199.269811656135,152.103652126943,209.374025618538,147.664082622162,97.4487374953747,85.2567417976639,57.9534848245114,75.0303911910961,95.8840695708476,82.7061656973729,83.3842515139705,74.1606339296848,50.8553776455064,46.5703232957498,38.5657130587547,50.8594513090058,60.28289445756,49.6597441835815,51.2460555786312,53.9717357024684,34.2397759842004,27.0731376774684,25.1491817976375,28.2029848468603,40.3216524727113,38.014783258272,34.4292058170734,32.4955000108034,23.1408701337639,21.8548924541715,19.3186011724887,22.3093130139698,26.2544039695639,28.2574785383941,27.6010437442898,24.3725891953474,21.460511253438,16.1406510251787,15.9794421125368,20.5410690648991,20.3514621253428,21.6794427577731,22.8458017273055,18.2836400545617,17.257521904784,15.5682467209597,14.3265446043659,18.1915739405043,17.5368446109684,17.5222514265147,18.8777372584037,14.6497648771412,15.4563325115625,15.0275308602658,10.8917571615187,14.7213055811759,14.7531803880284,13.6164231791447,15.5814954802501,13.1645296507626,13.2709343526891,13.0558720672806,10.8442452157959,12.4575541700436,12.7742564329268,11.4659118932518,12.5075581329005,12.1975280803767,10.9241587885666,12.1848396031726,9.87304772675098,10.3778643643125,9.61092311942905,10.6997514009881,10.9447831844383,10.8895417983523,11.1793649826612,10.2814600263413,9.05983004335137,9.78231880438916,8.06701896808076,10.4590209459624,10.0076638276554,8.68075237440243,12.8789930496671,9.60456489804977,9.98051346852426,8.51435690305222,7.82821969580402,11.0656453241044,12.2344561180645,10.2755352703578,11.4150059909337,10.0841715086868,9.168977934509,10.1425290901329,8.87851611851777,12.1178225210562,13.2568372766514,9.35669406887398,9.88086256685469,12.4975572612966,11.8510677065883,15.0164425750422,10.2736262359149,9.74910220673117,14.1567809343105,16.7112132079653,19.1657367736512,15.6449796671517,12.50389751936,10.317260201355,34.1862213737157,46.4012870736378,20.5833844609082,16.0769096416206,14.1303868854418,19.8978114129674,9.47935736119553
3085.92491899467,1515.07279388502,1064.9459022877,536.562095636094,368.682638432295,388.135946790665,300.131561750222,195.571816338536,254.902913955173,222.585110749237,119.885116137523,136.415470798925,131.151127687236,73.0839529189107,78.1743299281851,100.613382863522,70.4531176088745,56.1105974602229,59.5602104881947,47.9186262850876,33.5588066477415,39.3171112450054,46.0304384044856,34.9624685164972,26.2456745973098,34.7276318237013,31.3244042191126,27.2882455810771,31.1672871868206,24.6330114607148,22.4629261709678,19.3307023808381,15.3337916474036,24.6916134302478,20.8817478564357,13.6199264097091,19.8869552597867,16.1778908670994,9.2904521644819,16.1334585262609,16.4369065017513,11.5417259031405,8.29334315423262,13.2142625817498,11.9777328805074,7.2609736991834,12.6327113032745,12.4372429134836,5.58357489195587,9.48950712055854,10.8019986550587,7.1555185554173,7.28343226204744,8.25690783528131,6.30820861594203,4.74184838531742,6.58671512355382,7.63264681763853,4.92330210579611,4.39284637859197,6.07030011019479,4.38171271113597,4.60350738011307,6.39112360079915,4.66957523251717,4.25060651640367,4.22814898829532,3.46481825320764,4.03278253046049,4.56521832280561,3.07683064840802,3.49450102534839,4.23010375943292,3.1584299376005,4.03830468269817,4.77331931584368,3.90644585428325,3.12837212369811,4.27773035578666,3.82612690729308,2.36653058985257,3.62865995030545,4.18082476253651,2.59499506126379,4.64162455771328,5.47508160857992,3.6987082754531,4.113553769754,3.83805999983081,2.05884240851417,3.87370367646127,3.96819254328561,2.78372410617157,3.7181062038592,2.11133091530852,3.01867314133533,5.83572639755086,5.391917770916,4.84782550389927,5.20462729824376,3.5019218366303,2.34951889296879,5.56449341569958,6.84750244834774,7.22941156935987,8.4284034010534,8.54473545614778,7.88814120162202,8.25069906089603,9.54172476771076,8.42331500538505,9.59011923043987,10.9832528875779,11.1671590769571,11.3187746222743,9.89619120228641,9.38758719629335,9.66518181371019,11.941183611397,20.1768794717372,26.4508173723209,32.9439743397481,39.1152511380461,41.0078476726076,36.3120569946634,32.3931219984487,27.9907396096436,22.4938483419798,9.17739926344448
76035.1894551462,5.91393515945127,3.97270647736189,1.30709084101569,2.07721868260669,1.36784986820154,1.01201742691533,1.21455983648229,0.881156520908587,0.868921864128474,1.15109205890205,0.858438457901768,0.759831597554194,0.905443400193465,0.493879506028808,0.635465706592936,0.570754929601492,0.676121206482662,0.643996293802949,0.779317102623516,0.589182149800045,0.442391960315175,0.325414091640178,0.338698790292486,0.38174141625983,0.307306106678673,0.407878272014579,0.362095222285147,0.324140439941649,0.356068490821332,0.347805183804141,0.402096650953034,0.269047471239516,0.475287112368055,0.288791059233868,0.26454218593723,0.217568639354747,0.265527146381337,0.258708596647018,0.237438254280531,0.330834261285179,0.240073217597697,0.292172573964963,0.248015024154543,0.232921112645668,0.239878592664226,0.200347693960387,0.201172651796945,0.291990281684022,0.252139972571991,0.145783630295587,0.182464723113268,0.153625193881758,0.318854875182651,0.147058684224595,0.190280379551707,0.141076276898773,0.164776276814737,0.199430937093758,0.191929649222632,0.148114539991289,0.157029084648686,0.23555555297033,0.135840794403963,0.16086004343117,0.226175746467833,0.167033634058202,0.142581556953292,0.243222438112634,0.0935771273310212,0.19407773314809,0.237526067025812,0.178321726249325,0.182231842311157,0.18028270232168,0.1523201504219,0.126654180170244,0.202251153789577,0.109454751509695,0.205917712773921,0.110411339691675,0.197929044338433,0.154306237404312,0.157855400081482,0.180272395765642,0.156707025128963,0.109101129239751,0.134712368658668,0.164635453483309,0.0778579087719953,0.143545182018668,0.0563912856195371,0.161218831141667,0.15222398215322,0.117141625434988,0.125809822746811,0.176413840586312,0.0984997242095742,0.161673809983262,0.0996061756586977,0.135854839065621,0.0956139987893912,0.159419629085325,0.114482085641917,0.202511541225766,0.092316517371041,0.16296536059836,0.134332475439389,0.113949770999257,0.0883581086092281,0.107600220392029,0.133346590773051,0.119960442343868,0.162965065208926,0.176692365370845,0.184761111325439,0.145674088970346,0.197757233411092,0.167511592497585,0.169027321454979,0.190068707434966,0.146333896116971,0.175362889001706,0.182141175064233,0.225112594566698,0.226103640053485,0.160758210794507,0.177082226096981,0.0917993129754905
0.0245677856445312,0.000910945104387175,0.00136095435464593,0.00133195995341742,0.000938117954999058,0.000969830506418074,0.000941792143968086,0.000574973923285516,0.000714212454588345,0.000602931769386774,0.000764196962491776,0.000719216493755387,0.000471743878550759,0.000716259955164681,0.000488487570437506,0.000467778362312851,0.000190876465525602,0.000409921997622405,0.000327296201163885,0.000305494956320915,0.000292151527154867,0.00026736860640594,0.000310261839128124,0.000226337206523113,0.000176326565889562,0.000176884143199749,0.000255377008792026,0.000168667385484465,0.000127941789628808,0.000186004791461603,0.000239002106060237,0.000159336468033831,0.000184431346704667,0.000182592989772211,0.000172905835096459,0.000197464777992112,7.53582526997047e-05,0.000187558535632538,0.000176146134540476,0.000226098388499086,0.000149838062651557,0.00018651313927003,0.00019376273549272,0.000139941176684704,0.000171894742252962,9.0052707296127e-05,0.00015558300698624,8.37342975047873e-05,7.9386469234005e-05,9.44777450371588e-05,6.99185250793164e-05,4.66122489661577e-05,4.4276080617213e-05,3.6159717692498e-05,6.97331187949417e-05,7.10100900345889e-05,8.15981545764708e-05,0.00010126512791839,8.72305305384696e-05,9.43506012766851e-05,8.54269296950369e-05,0.000103287913101251,0.000120238791805119,0.000127801073501891,8.5371333833976e-05,0.000146915405160842,0.000122108473795527,0.000109405331498118,6.39435024178543e-05,9.95144333406672e-05,0.000112711443329323,8.21312299118902e-05,8.70294509060834e-05,8.7799006037908e-05,0.000110807216006754,7.91519006734871e-05,7.62393399770976e-05,6.95676685885564e-05,0.000114412780975167,7.24709824591763e-05,6.11987477137838e-05,7.18121779034322e-05,0.000110216639169644,6.99411548861972e-05,7.68651219283088e-05,7.49133398289227e-05,9.41541573384929e-05,8.35590638036702e-05,4.29801180827775e-05,9.18128184692302e-05,8.33510631033158e-05,9.94082519279847e-05,7.24697458011949e-05,7.61047501257604e-05,8.84344766502013e-05,7.81669703623587e-05,9.79181590332008e-05,5.47958312511741e-05,9.54365720874954e-05,4.15109361073183e-05,5.03479813149762e-05,5.8482769648828e-05,5.0435194685749e-05,4.71358905874609e-05,4.61174900024787e-05,4.0049073880698e-05,7.58286312021532e-05,4.89981038987027e-05,7.48663712613201e-05,6.74434601145321e-05,5.9732416970037e-05,6.76559368812e-05,5.68828657816173e-05,8.1678656946354e-05,7.63517226486484e-05,8.29727354849446e-05,4.90626653638528e-05,8.52628562445468e-05,9.02673518452286e-05,6.78604047678451e-05,5.42242714059226e-05,6.46780190076689e-05,9.40606483590225e-05,5.71514531104367e-05,6.09968930810014e-05,6.37856236910512e-05,9.4355696194572e-05,6.06397730763498e-05,3.10424804687508e-05
0.0666939208984375,0.00111319207472362,0.00148300912394715,0.00137765556671693,0.00126019132325542,0.00123846396951625,0.00155718678721391,0.000701802166604486,0.00103321373618899,0.000429647734636506,0.000386464322733909,0.000656702011604821,0.000851048935714086,0.000358195621663491,0.000506213476346428,0.00050260675518358,0.000242817490794899,0.0003972240915773,0.000349935052776045,0.000304283224274794,0.000252949254208767,0.000396026820263214,0.000233623537606526,0.000361511193503677,0.000323399850888247,0.000392834368123205,0.00016147559108632,0.000387601797458718,0.000262158490793463,0.000263946317710213,0.000173052831039059,0.000209653937872307,0.000193435427591554,0.00015939868704713,0.000177209783529126,0.000219590097531166,0.00013380240230834,0.00021462002831482,0.000162095070843428,0.000135541986978447,0.000272069483417782,0.000178951955695446,0.000129871897767043,9.55844978093001e-05,0.000167821190797514,0.000120030536484547,0.000220534756248804,0.00010325118223914,0.000102020845741396,0.000100862324275791,8.68006893367694e-05,4.18609847782218e-05,4.07493029576862e-05,6.38010964630987e-05,8.25704604999658e-05,6.19357229090522e-05,8.89089008048431e-05,0.000134602066536857,0.000173268409950195,7.73173792257155e-05,0.000144761008766372,8.56578925906782e-05,7.88244594709162e-05,0.000130129848919499,0.000157053821152546,9.09758221051445e-05,0.000123681881296443,0.000109685300773404,9.50995728977303e-05,9.685045397308e-05,0.000103484341541961,9.2510496493942e-05,6.99780783014392e-05,0.000155969796110499,7.26526851488443e-05,0.000138248875999012,0.000109704304988261,0.000142260421419159,6.77534659685744e-05,0.000163751455316236,9.90699772971741e-05,0.000104733020388002,7.89783682817325e-05,7.56807126658333e-05,9.92998446176542e-05,6.52557898108764e-05,9.12438648644684e-05,0.000104681104863492,9.56268544252393e-05,0.000102104767179246,7.05245475048727e-05,8.07907384127255e-05,0.000123009280863713,8.48547421380318e-05,9.89250205863985e-05,6.46839267214273e-05,7.1683933949737e-05,6.60182939010304e-05,0.000120724819515761,5.62662906814581e-05,4.2832427136522e-05,5.3579865477405e-05,6.45705366954274e-05,3.81970760454746e-05,3.44050237708989e-05,5.79122601039683e-05,9.17016412864493e-05,4.97146803468055e-05,5.4098510035021e-05,8.06178749038281e-05,0.000111058075352615,6.23479595119155e-05,9.32136759326849e-05,7.23899793969845e-05,6.13047820386622e-05,8.985031504309e-05,0.000100438218314135,8.09930657353433e-05,8.7079585081797e-05,6.47560950784597e-05,8.59278494668434e-05,6.34710656274519e-05,7.41781498672079e-05,7.7639464541116e-05,6.20268345187038e-05,0.000134741884777791,5.2236845333641e-05,0.000111908313836956,4.05517578125e-05
0.970083630371094,0.00137814649528517,0.00202565293115062,0.00180064945114411,0.00147546332752342,0.00114432193016343,0.000878249942412075,0.000946635010119702,0.000591875469161876,0.00110617219683817,0.000648527391288185,0.000553442581077144,0.000726268379374459,0.000596926152056277,0.000404048389530188,0.000378434498425368,0.000550876274297117,0.000252036814273047,0.000390365466505606,0.000231754838337282,0.000464762478212363,0.000357656005579002,0.00024037744335368,0.000401634951791824,0.000325635390002789,0.000391796526740611,0.000238787712760592,0.000378115738204535,0.000301895969216169,0.000295571011506654,0.000206281044334415,0.000230638110956574,0.00029267708727363,0.000150616255501784,0.000200126094764116,0.000124374373744563,0.00021403528446877,0.000173374387215723,0.000176341391292865,0.000218663256821796,0.000220966488818482,0.000148383400736912,0.000193136884667116,0.000228694904607557,0.00010768760675812,0.00013066025772103,0.000140757509858378,0.000160142485799664,0.000128561999774558,0.000133288915700261,0.000110058804691382,6.68402238739658e-05,5.21434935897265e-05,8.7873333987725e-05,8.27262505603429e-05,9.00704007450266e-05,0.000111191019564549,9.54414851035532e-05,9.29385187509457e-05,0.000131180463018786,9.83780502024751e-05,0.000182955146593807,8.59852051745402e-05,9.95415248755255e-05,0.00014253496981115,0.000112589187429808,7.03622640384182e-05,7.68310833331091e-05,0.000149312387661467,7.86806483861617e-05,0.000114105881237167,8.01644208402958e-05,0.000142212021906744,0.000129089428067315,6.94686457746308e-05,0.000143192243138769,9.47108552950758e-05,0.000139446279743749,8.072086402192e-05,0.000143693196916209,0.000122281522922956,0.000108065932652557,9.60314084770167e-05,9.03244382572591e-05,0.00012620010539824,6.61274579695095e-05,7.75998388577211e-05,6.91212490984622e-05,9.85938047319753e-05,8.24725364089632e-05,8.42218000236339e-05,0.0001161432079953,0.000101504079770765,7.77654642229482e-05,0.000106619683666082,0.000107256482196152,6.75919291206411e-05,7.39938778485498e-05,8.17341729325976e-05,0.0001036932352911,6.97746240499709e-05,7.9781905462992e-05,8.031597355644e-05,6.61224979955856e-05,5.64456697187288e-05,9.08948574756782e-05,6.32413166425727e-05,6.63125221912655e-05,7.08611700738716e-05,7.48000431515718e-05,8.6512817162236e-05,8.09056222140297e-05,7.85268212032337e-05,0.000120218514457435,5.76225662821325e-05,6.62096807831336e-05,9.3352334970872e-05,6.97237734460491e-05,4.94652671434134e-05,5.46052501895557e-05,0.000107625702399231,6.49746145873601e-05,8.63215990263711e-05,7.54955945394791e-05,0.00010479545482912,0.000109171793597778,4.9790977036724e-05,0.000112206724300699,2.95532226562201e-05
192,0,0,0,0,0,0,0,0,0,0,0,0,0,0,0,0,0,0,0,0,0,0,0,0,0,0,0,0,0,0,0,0,0,0,0,0,0,0,0,0,0,0,0,0,0,0,0,0,0,0,0,0,0,0,0,0,0,0,0,0,0,0,0,0,0,0,0,0,0,0,0,0,0,0,0,0,0,0,0,0,0,0,0,0,0,0,0,0,0,0,0,0,0,0,0,0,0,0,0,0,0,0,0,0,0,0,0,0,0,0,0,0,0,0,0,0,0,0,0,0,0,0,0,0,0,0,0,0
0.002734375,0.00369952724774692,0.00397575163343805,0.00296801505422441,0.00413519681415906,0.00337359839708804,0.00329312562846579,0.00281589085458148,0.00362226132379024,0.00503855272833892,0.00431127999840386,0.0046966944946841,0.00253111533307876,0.00462851533874376,0.0034241831522496,0.00410023083462283,0.00197713572614091,0.00301106941537199,0.00383512042030106,0.00468274430470376,0.00464046943630744,0.00351450560424401,0.00439426510462024,0.00404504266553557,0.00495105834686408,0.00265333459903038,0.00272336476960737,0.00210123003204329,0.00436963141223361,0.00386348030781777,0.00422390776015006,0.00342903531486258,0.00455345869120796,0.00505900984055863,0.00422390776015006,0.00376327824437838,0.00228633247949065,0.00375137436854701,0.00272336476960737,0.00425921256251746,0.00249576160190438,0.00434540746030625,0.00439426510462024,0.00518084440931318,0.00420729078256028,0.00310483160409799,0.00383512042030106,0.00351087333637451,0.00366837353909777,0.00242171191712366,0.0034241831522496,0.00315906057005799,0.0053347640403995,0.00399865551887308,0.00431127999840386,0.0033518973975029,0.00448444688404943,0.00409665630696635,0.00329312562846579,0.00247900600350226,0.0028523076656517,0.00465874349797174,0.00397575163343805,0.00478851790767429,0.00234375,0.00478851790767429,0.00397575163343805,0.00465874349797174,0.0028523076656517,0.00247900600350226,0.00329312562846579,0.00409665630696635,0.00448444688404943,0.0033518973975029,0.00431127999840386,0.00399865551887308,0.0053347640403995,0.00315906057005799,0.0034241831522496,0.00242171191712366,0.00366837353909777,0.00351087333637451,0.00383512042030106,0.00310483160409799,0.00420729078256028,0.00518084440931318,0.00439426510462024,0.00434540746030625,0.00249576160190438,0.00425921256251746,0.00272336476960737,0.00375137436854701,0.00228633247949065,0.00376327824437838,0.00422390776015006,0.00505900984055863,0.00455345869120796,0.00342903531486258,0.00422390776015006,0.00386348030781777,0.00436963141223361,0.00210123003204329,0.00272336476960737,0.00265333459903038,0.00495105834686408,0.00404504266553557,0.00439426510462024,0.00351450560424401,0.00464046943630744,0.00468274430470376,0.00383512042030106,0.00301106941537199,0.00197713572614091,0.00410023083462283,0.0034241831522496,0.00462851533874376,0.00253111533307876,0.0046966944946841,0.00431127999840386,0.00503855272833892,0.00362226132379024,0.00281589085458148,0.00329312562846579,0.00337359839708804,0.00413519681415906,0.00296801505422441,0.00397575163343805,0.00369952724774692,0.002734375
19.2125,1.1232598701567,0.554365646794632,0.900433250520215,1.37693622923603,1.03500385984266,1.16225289232228,0.866920143063247,0.927939907667809,1.2856530167647,0.659931249867299,1.11055131847155,0.996067598792452,1.05250061223671,1.03815291283584,1.03267553729411,0.572861645523397,0.768132519730024,0.681400218026126,1.15681786695666,1.11005020232471,1.02097170470657,1.29576741003269,1.04822039599121,1.39904837453733,0.843237441792228,1.16142891497208,0.82992458464387,1.2222581400209,1.40439746846985,1.19164598534065,0.922304121637102,1.17009719816819,1.49168188035178,1.24985088476462,1.03790854666661,0.80134114539535,1.62112115629557,1.00995232922431,0.863028658303482,1.47001707795165,1.99037127467124,1.03995070601244,1.27948151201519,2.93114443087053,1.9010057888838,1.42682369731446,1.74705639605202,8.03697864828687,1.79853436447127,1.19327894351087,1.52333822043469,35.7729645331485,2.36606498563664,1.26497025310361,2.3665662305858,5.90760504574194,1.90138498344396,1.55736595879525,2.3675722214413,2.5169676811556,1.76246306671069,1.45459723697331,2.27708124616249,1.5430821824014,1.50286934153498,1.68317904909819,2.26904648375862,0.9438506854691,0.929540152130918,0.798995670384725,2.14607835963493,1.39116527838475,1.18479690163388,1.62134824966505,1.38747383319155,1.87741748797146,1.25221129765783,1.5629925757843,1.29439741965373,1.53188762944537,2.32997747299783,1.14466348936949,0.967515952645303,1.4208910465545,2.62100271982381,1.81190316223608,1.4984284485699,1.34008131873841,2.9049766306026,1.67615485025075,1.55337166303365,2.66430518351322,3.34896352339048,1.71044278246795,1.97422053616091,5.97522959335526,3.28628968166511,1.92324200133982,2.89474555797125,18.4461985428172,2.8036569253783,1.85802715151929,2.65707021456887,28.5011275229877,3.17126540451271,1.90481132636792,3.43480059971327,7.42563714971916,2.34540984300324,1.90699808462689,3.51853468785557,3.223095945171,1.92914964636133,1.87836782508071,3.21159282836759,1.66456253306829,1.64055723094506,1.99021803951349,3.01018961740184,1.34689465125554,1.00619270176114,1.03725552016182,2.67605045171427,1.63965464091825,1.38329212266387,1.67459795712593,1.55976089820116,1.025
25.726953125,0.0562852931621969,0.0404287613363161,0.179467894423278,0.727208898433698,0.226270879363646,0.146629708908142,0.408644048032787,0.56587410107353,0.316649903668646,0.245625783091133,0.621560185861457,0.352451351479403,0.305720987243343,0.338170497621866,0.759892265995519,0.215696588213738,0.215365149467521,0.434695564254664,0.801512408432615,0.370395567157324,0.255066706270958,0.524754166523354,0.723359108177622,0.562136685229437,0.552000873985072,0.620282625070773,0.536988513360269,0.636233370535054,0.971911364316867,0.715319581310247,0.316951495476495,0.543996221654271,1.42564900292456,0.801489431634669,0.494338376025879,0.508142376108743,1.86638135291693,0.890536102630372,0.978466598344623,1.36852940752042,2.23868998359578,0.971874999706644,1.53638036356495,3.58124802518461,2.50606556245093,1.05707555580326,2.08950348763338,10.6899287543197,2.6070000261436,1.14976267145677,2.57415394088091,47.8932713633774,2.54434303227252,1.20993023626683,2.9529419747946,7.6461387896696,2.28003911334634,1.2911377803077,3.15062137820335,3.31288811416872,1.83238995356507,1.36743724251051,3.16196818561941,1.39711488245416,1.24153638348207,1.43334007400894,2.95216693981308,0.829553309499478,0.684918542940477,1.50017787453121,2.53046674322185,1.26898748267007,0.874307865117926,1.5572805833525,1.91925332769783,1.57806375644954,1.64220869515218,1.6164991635007,1.20316758457059,1.51592360444874,2.48664772797995,1.67471975597113,0.69650418620601,1.11418083427714,3.25213815379947,1.72179344421686,1.19186045062537,1.19989582805848,3.86648337836028,1.76909182268208,2.08162266885877,3.1502987370136,4.26743228348755,1.80584899233697,2.96075725665981,7.64818621103342,4.42804371080251,1.84261715871683,3.71529288149604,24.6522361203104,4.30351569090328,1.88989144617701,4.26968541465406,38.1346667909765,3.92531784840246,1.90151729050868,4.59423655869919,9.62599464290959,3.29336282949003,1.92822680850416,4.62839767333775,4.0768248264199,2.46378893590359,1.95200139337085,4.38985713081353,1.60893666870668,1.53050323281689,1.9642013999812,3.87730822081671,1.18656134734559,0.83392026770065,1.97589158575321,3.13387463955673,1.73836322607357,1.27978747025359,1.97609082193312,2.22015772437349,0.987109375
15.76875,3.38293987235432,2.90896955809223,2.78127939594746,3.11243648568766,3.58656581256185,3.9321575835417,2.87439518546871,3.27166312225576,1.394266975148,1.18725498027469,2.21827575961821,3.09996608825693,1.75872867889454,1.574795395221,1.94083226462182,2.59111136906884,2.24752612308967,2.01714438893526,2.43733271741542,2.03444088819202,2.49853961736432,1.69633627427988,1.92145600824058,1.97721308645119,1.71032253223923,1.57997447818083,1.77274394773904,2.15758324737096,1.68388235630947,1.7846439877948,2.36667815392326,1.97202636168077,2.41460396870359,1.9324272393227,2.01573267363097,3.04063533335116,2.55061210148525,1.90819418015526,1.80820425356955,3.02006043499113,3.14687698900833,1.44642829837464,2.07350938203386,3.15126640796839,2.60615834691075,4.07363212023337,3.8758818782533,5.72950484517241,4.30280267396208,2.71575450285735,4.02212261258189,29.2197127009798,3.51885183190458,3.31197760548657,2.28945953204497,5.80034099953764,3.51715430755375,3.60491164055692,3.19547843787769,4.53676374705696,1.95242773587827,1.52292908602981,2.97008904075637,3.58847385473535,1.84001168675857,1.65065085771323,2.21951955896117,2.64483458591043,2.4459093942889,2.1439384494233,2.49171347681139,2.3818769581449,2.35025884933094,2.19765941422211,2.3467126360006,2.25755820034187,2.13105101005769,2.09980324889998,1.8873524437283,2.61566591212352,1.9664527092884,2.02167891979389,2.07428189737607,2.39174961171226,2.53944536596656,1.93614150482629,1.90280029686078,3.69750166051387,3.41979505023959,2.08742281955732,2.16722887136371,3.42040205604637,4.04691898295701,2.45080306459344,3.04560337390708,4.5850608942433,3.08173786338744,3.99735863227998,4.07872593408873,14.2946017722492,5.22504562961337,2.52947078599324,5.01468400203463,22.9026621087679,3.98629581648101,3.73358384704148,2.72604482507272,6.2499469812789,3.5810471112787,3.18376251104002,3.95029579261936,4.51998918659889,2.30548036844265,1.95806491373042,3.65087181793083,3.88647203348625,1.92818572708569,1.8741541279283,2.7207759416927,2.68341190935842,2.38385164535101,2.16241548408364,2.38776363816776,2.7842473018791,2.02587602770917,2.37676343215802,2.47237669179184,1.20625
